<?xml version="1.0" encoding="UTF-8"?>
<!DOCTYPE hibernate-configuration PUBLIC "-//Hibernate/Hibernate Configuration DTD 3.0//EN" "http://hibernate.sourceforge.net/hibernate-configuration-3.0.dtd" >
<hibernate-configuration>
<session-factory>
	<property name="dialect">org.hibernate.dialect.MySQLDialect</property>
	<property name="connection.url">jdbc::mysql://:3306/bos</property>
	<property name="connection.username">root</property>
	<property name="connection.password"></property>
	<property name="connection.driver_class">com.mysql.jdbc.Driver</property>
	<property name="show_sql">true</property>
	<property name="format_sql">true</property>
	<property name="current_session_context_class">thread</property>
	<property name="myeclipse.connection.profile">MySQL</property>
</session-factory>
</hibernate-configuration>
