<?xml version="1.0" encoding="utf-8"?>
<!DOCTYPE hibernate-mapping PUBLIC "-//Hibernate/Hibernate Mapping DTD 3.0//EN"
"http://hibernate.sourceforge.net/hibernate-mapping-3.0.dtd">
<!-- 
    Mapping file autogenerated by MyEclipse Persistence Tools
-->
<hibernate-mapping>
    <class name="cn.itcast.bos.domain.bc.DecidedZone" table="bc_decidedzone" catalog="bos">
        <id name="id" type="java.lang.String">
            <column name="id" length="32" />
            <generator class="assigned" />
        </id>
        <many-to-one name="user" class="cn.itcast.bos.domain.user.User" fetch="select">
            <column name="user_id" length="32" />
        </many-to-one>
        <many-to-one name="staff" class="cn.itcast.bos.domain.bc.Staff" fetch="select">
            <column name="staff_id" length="32" />
        </many-to-one>
        <property name="name" type="java.lang.String">
            <column name="name" length="30" />
        </property>
        <set name="subareas" inverse="true">
            <key>
                <column name="decidedzone_id" length="32" />
            </key>
            <one-to-many class="cn.itcast.bos.domain.bc.Subarea" />
        </set>
    </class>
</hibernate-mapping>
