<?xml version="1.0" encoding="utf-8"?>
<!DOCTYPE hibernate-mapping PUBLIC "-//Hibernate/Hibernate Mapping DTD 3.0//EN"
"http://hibernate.sourceforge.net/hibernate-mapping-3.0.dtd">
<!-- 
    Mapping file autogenerated by MyEclipse Persistence Tools
-->
<hibernate-mapping>
    <class name="cn.itcast.bos.domain.bc.Staff" table="bc_staff" catalog="bos" select-before-update="true">
        <id name="id" type="java.lang.String">
            <column name="id" length="32" />
            <generator class="assigned" />
        </id>
        <many-to-one name="user" class="cn.itcast.bos.domain.user.User" fetch="select">
            <column name="user_id" length="32" />
        </many-to-one>
        <many-to-one name="standard" class="cn.itcast.bos.domain.bc.Standard" fetch="select">
            <column name="standard_id" length="32" />
        </many-to-one>
        <property name="name" type="java.lang.String">
            <column name="name" length="20" />
        </property>
        <property name="telephone" type="java.lang.String">
            <column name="telephone" length="20" />
        </property>
        <property name="haspda" type="java.lang.String">
            <column name="haspda" length="1" />
        </property>
        <property name="deltag" type="java.lang.String">
            <column name="deltag" length="1" />
        </property>
        <property name="station" type="java.lang.String">
            <column name="station" length="40" />
        </property>
        <set name="decidedZones" inverse="true">
            <key>
                <column name="staff_id" length="32" />
            </key>
            <one-to-many class="cn.itcast.bos.domain.bc.DecidedZone" />
        </set>
    </class>
    <!-- 命名查询 -->
    <query name="Staff.findNoDelete">
    	<![CDATA[from Staff where deltag = '0']]>
    </query>
</hibernate-mapping>
