<?xml version="1.0" encoding="utf-8"?>
<!DOCTYPE hibernate-mapping PUBLIC "-//Hibernate/Hibernate Mapping DTD 3.0//EN"
"http://hibernate.sourceforge.net/hibernate-mapping-3.0.dtd">
<!-- 
    Mapping file autogenerated by MyEclipse Persistence Tools
-->
<hibernate-mapping>
    <class name="cn.itcast.bos.domain.bc.Standard" table="bc_standard" catalog="bos">
        <id name="id" type="java.lang.String" unsaved-value="">
            <column name="id" length="32" />
            <generator class="uuid" />
        </id>
        <many-to-one name="user" class="cn.itcast.bos.domain.user.User" fetch="select">
            <column name="user_id" length="32" />
        </many-to-one>
        <property name="name" type="java.lang.String">
            <column name="name" length="30" />
        </property>
        <property name="minweight" type="java.lang.Double">
            <column name="minweight" precision="22" scale="0" />
        </property>
        <property name="maxweight" type="java.lang.Double">
            <column name="maxweight" precision="22" scale="0" />
        </property>
        <property name="deltag" type="java.lang.String">
            <column name="deltag" length="1" />
        </property>
        <property name="updatetime" type="java.sql.Timestamp">
            <column name="updatetime" length="0" not-null="true" />
        </property>
        <set name="staffs" inverse="true">
            <key>
                <column name="standard_id" length="32" />
            </key>
            <one-to-many class="cn.itcast.bos.domain.bc.Staff" />
        </set>
    </class>
    
    <query name="Standard.ajaxlist">
    	<![CDATA[from Standard where deltag = '0']]>
    </query>
</hibernate-mapping>
