<?xml version="1.0" encoding="utf-8"?>
<!DOCTYPE hibernate-mapping PUBLIC "-//Hibernate/Hibernate Mapping DTD 3.0//EN"
"http://hibernate.sourceforge.net/hibernate-mapping-3.0.dtd">
<!-- 
    Mapping file autogenerated by MyEclipse Persistence Tools
-->
<hibernate-mapping>
    <class name="cn.itcast.bos.domain.bc.Subarea" table="bc_subarea" catalog="bos">
        <id name="id" type="java.lang.String">
            <column name="id" length="32" />
            <generator class="assigned" />
        </id>
        <many-to-one name="user" class="cn.itcast.bos.domain.user.User" fetch="select">
            <column name="user_id" length="32" />
        </many-to-one>
        <many-to-one name="decidedZone" class="cn.itcast.bos.domain.bc.DecidedZone" fetch="select">
            <column name="decidedzone_id" length="32" />
        </many-to-one>
        <many-to-one name="region" class="cn.itcast.bos.domain.bc.Region" fetch="select">
            <column name="region_id" length="32" />
        </many-to-one>
        <property name="addresskey" type="java.lang.String">
            <column name="addresskey" length="100" />
        </property>
        <property name="startnum" type="java.lang.String">
            <column name="startnum" length="30" />
        </property>
        <property name="endnum" type="java.lang.String">
            <column name="endnum" length="30" />
        </property>
        <property name="single" type="java.lang.String">
            <column name="single" length="1" />
        </property>
        <property name="position" type="java.lang.String">
            <column name="position" />
        </property>
    </class>
    <!-- 命名查询 -->
    <query name="Subarea.findassociations">
    	<![CDATA[from Subarea where decidedZone is null]]>
    </query>
</hibernate-mapping>
