<?xml version="1.0" encoding="UTF-8"?>
<!DOCTYPE struts PUBLIC
    "-//Apache Software Foundation//DTD Struts Configuration 2.3//EN"
    "http://struts.apache.org/dtds/struts-2.3.dtd">
<struts>
	<constant name="struts.devMode" value="true" />
	<!-- 修改 form 默认布局样式 -->
	<constant name="struts.ui.theme" value="simple"></constant>

	<package name="needlogin" extends="json-default">
		<!-- 注册拦截器  -->
		<interceptors>
			<interceptor name="login" class="cn.itcast.bos.web.interceptor.LoginInterceptor"></interceptor>
			<!-- 定义新的拦截器栈  -->
			<interceptor-stack name="loginStack">
				<interceptor-ref name="defaultStack"></interceptor-ref>
				<interceptor-ref name="login"></interceptor-ref>
			</interceptor-stack>
		</interceptors>
		
		<!-- 设置默认拦截器栈 -->
		<default-interceptor-ref name="loginStack"></default-interceptor-ref>
		
		<!-- 配置全局结果集 -->
		<global-results>
			<result name="login">/login.jsp</result>
		</global-results>
		
		<action name="index">
			<result>/index.jsp</result>
		</action>
		<!-- 需要进行权限控制的页面访问 -->
		<action name="page_*_*">
			<result>/WEB-INF/pages/{1}/{2}.jsp</result>
		</action>

		<!-- 收派标准 -->
		<action name="admin_*" class="adminAction" method="{1}">
			<result name="success">/WEB-INF/pages/admin/point.jsp</result>
			<!-- 分页查询标准数据 -->
			<result name="pageQuerySUCCESS" type="json">
				<param name="root">pageResponseBean</param>
				<!-- 配置 属性includeProperties 指定哪些属性返回  -->
				<param name="includeProperties">
					<!-- 正则表达式 格式  -->
					total, <!-- pageResponseBean的 total 属性返回  -->
					rows\[\d+\]\.id,
					rows\[\d+\]\.remark,
					rows\[\d+\]\.username,
					rows\[\d+\]\.telephone,
					rows\[\d+\]\.station,
					rows\[\d+\]\.password,
					rows\[\d+\]\.user\.username,
					rows\[\d+\]\.user\.station
				</param>
			</result>
		</action>
		
		<!-- 用户管理 -->
		<action name="user_*" class="userAction" method="{1}">
			<!-- 修改密码 -->
			<result name="editpasswordSUCCESS" type="json">
				<!-- 配置root参数，指定将值栈哪个数据返回  -->
				<param name="root">map</param>
			</result>
		</action>
		
		<!-- 收派标准 -->
		<action name="standard_*" class="standardAction" method="{1}">
			<!-- 保存标准 -->
			<result name="saveSUCCESS">/WEB-INF/pages/base/standard.jsp</result>
			<!-- 分页查询标准数据 -->
			<result name="pageQuerySUCCESS" type="json">
				<param name="root">pageResponseBean</param>
				<!-- 配置 属性includeProperties 指定哪些属性返回  -->
				<param name="includeProperties">
					<!-- 正则表达式 格式  -->
					total, <!-- pageResponseBean的 total 属性返回  -->
					rows\[\d+\]\.id,
					rows\[\d+\]\.name,
					rows\[\d+\]\.minweight,
					rows\[\d+\]\.maxweight,
					rows\[\d+\]\.updatetime,
					rows\[\d+\]\.user\.username,
					rows\[\d+\]\.user\.station
				</param>
			</result>
			<!-- 删除数据 -->
			<result name="delBatchSUCCESS">/WEB-INF/pages/base/standard.jsp</result>
			<!-- 收派标准 ajax列表  -->
			<result name="ajaxlistSUCCESS" type="json">
				<param name="root">standards</param>
				<param name="includeProperties">
					\[\d+\]\.id,
					\[\d+\]\.name
				</param>
			</result>
		</action>
		
		<!-- 取派员管理 -->
		<action name="staff_*" class="staffAction" method="{1}">
			<!-- 添加或修改 -->
			<result name="saveOrUpdateSUCCESS">/WEB-INF/pages/base/staff.jsp</result>
			<!-- 分页列表查询 -->
			<result name="pageQuerySUCCESS" type="json">
				<param name="root">pageResponseBean</param>			
				<param name="includeProperties">
					total,
					rows\[\d+\]\.id,
					rows\[\d+\]\.name,
					rows\[\d+\]\.telephone,
					rows\[\d+\]\.station,
					rows\[\d+\]\.haspda,
					rows\[\d+\]\.deltag,
					rows\[\d+\]\.standard\.id,
					rows\[\d+\]\.standard\.name
				</param>
			</result>
			<!-- 作废取派员 -->
			<result name="delBatchSUCCESS">/WEB-INF/pages/base/staff.jsp</result>
			<!-- json列表，添加定区时使用 -->
			<result name="ajaxlistSUCCESS" type="json">
				<param name="root">staffs</param>
				<param name="includeProperties">
					\[\d+\]\.id,
					\[\d+\]\.name
				</param>
			</result>
		</action>
		<!-- 区域管理 -->
		<action name="region_*" class="regionAction" method="{1}">
			<!-- 批量导入 -->
			<result name="importXlsSUCCESS" type="json">
				<param name="root">map</param>
			</result>
			<result name="saveSUCCESS">/WEB-INF/pages/base/region.jsp</result>
			<!-- 分页查询 -->
			<result name="pageQuerySUCCESS" type="json">
				<param name="root">pageResponseBean</param>
<!-- 				<param name="includeProperties"> -->
<!-- 					total, -->
<!-- 					rows\[\d+\]\.id, -->
<!-- 					rows\[\d+\]\.province, -->
<!-- 					rows\[\d+\]\.city, -->
<!-- 					rows\[\d+\]\.district, -->
<!-- 					rows\[\d+\]\.postcode, -->
<!-- 					rows\[\d+\]\.shortcode, -->
<!-- 					rows\[\d+\]\.citycode -->
<!-- 				</param> -->
			</result>
			<!-- 添加分区时，需要区域 ajax列表 -->
			<result name="ajaxlistSUCCESS" type="json">
				<param name="root">regions</param>
				<param name="includeProperties">
					\[\d+\]\.id,
					\[\d+\]\.info
				</param>
			</result>
		</action>
		
		<!-- 分区管理 -->
		<action name="subarea_*" class="subareaAction" method="{1}">
			<!-- 添加分区 -->
			<result name="saveOrUpdateSUCCESS">/WEB-INF/pages/base/subarea.jsp</result>
			<!-- 分页列表查询 -->
			<result name="pageQuerySUCCESS" type="json">
				<param name="root">pageResponseBean</param>
				<param name="includeProperties">
					total,
					rows\[\d+\]\.id,
					rows\[\d+\]\.addresskey,
					rows\[\d+\]\.startnum,
					rows\[\d+\]\.endnum,
					rows\[\d+\]\.single,
					rows\[\d+\]\.position,
					rows\[\d+\]\.region\.province,
					rows\[\d+\]\.region\.city,
					rows\[\d+\]\.region\.district
				</param>
			</result>
			<!-- 查询结果导出 -->
			<result name="exportXlsSUCCESS" type="stream">
				<param name="contentType">application/vnd.ms-excel</param>
				<param name="contentDisposition">attachment;filename=${downloadFileName}</param>
			</result>
			<!-- 关联定区列表 -->
			<result name="findnoassciactionsSUCCESS" type="json">
				<param name="root">subareas</param>
				<param name="includeProperties">
					\[\d+\]\.subareaId,
					\[\d+\]\.addresskey,
					\[\d+\]\.position
				</param>
			</result>
		</action>
		
		<!-- 定区管理 -->
		<action name="decidedzone_*" class="decidedZoneAction" method="{1}">
			<!-- 添加保存 -->
			<result name="saveOrUpdateSUCCESS">/WEB-INF/pages/base/decidedzone.jsp</result>
			<!-- 定区分页查询 -->
			<result name="pageQuerySUCCESS" type="json">
				<param name="root">pageResponseBean</param>
				<param name="includeProperties">
					total,
					rows\[\d+\]\.id,
					rows\[\d+\]\.name,
					rows\[\d+\]\.staff\.name,
					rows\[\d+\]\.staff\.telephone,
					rows\[\d+\]\.staff\.station
				</param>
			</result>
		</action>
	</package>
	
	<!-- 这个包 不需要登陆拦截  -->
	<package name="nologin" extends="struts-default">
		<!-- 登陆功能 -->
		<action name="login" class="loginAction">
			<result name="input">/login.jsp</result>
			<result name="admin" type="redirect">/admin.jsp</result>
			<result name="success" type="redirect">/index.jsp</result>
		</action>
	</package>

</struts>