[
		{ "id":"11", "pId":"0", "name":"基础数据",  "click":false},
		{ "id":"112", "pId":"11", "name":"取派标准",  "page":"page_base_standard.action"},
		{ "id":"113", "pId":"11", "name":"取派员设置",  "page":"page_base_staff.action"},
		{ "id":"114", "pId":"11", "name":"区域设置","page":"page_base_region.action"},
		{ "id":"115", "pId":"11", "name":"管理分区", "page":"page_base_subarea.action"},
		{ "id":"116", "pId":"11", "name":"管理定区","page":"page_base_decidedzone.action"}
]