<?xml version="1.0" encoding="utf-8"?>
<!DOCTYPE hibernate-mapping PUBLIC "-//Hibernate/Hibernate Mapping DTD 3.0//EN"
"http://hibernate.sourceforge.net/hibernate-mapping-3.0.dtd">
<!-- 
    Mapping file autogenerated by MyEclipse Persistence Tools
-->
<hibernate-mapping>
    <class name="cn.itcast.bos.domain.user.User" table="user" catalog="bos">
        <id name="id" type="java.lang.String">
            <column name="id" length="32" />
            <generator class="assigned" />
        </id>
        <property name="username" type="java.lang.String">
            <column name="username" length="20" />
        </property>
        <property name="password" type="java.lang.String">
            <column name="password" length="32" />
        </property>
        <property name="salary" type="java.lang.Double">
            <column name="salary" precision="22" scale="0" />
        </property>
        <property name="birthday" type="java.util.Date">
            <column name="birthday" length="0" />
        </property>
        <property name="gender" type="java.lang.String">
            <column name="gender" length="10" />
        </property>
        <property name="station" type="java.lang.String">
            <column name="station" length="40" />
        </property>
        <property name="telephone" type="java.lang.String">
            <column name="telephone" length="11" />
        </property>
        <property name="remark" type="java.lang.String">
            <column name="remark" />
        </property>
    </class>
    <!-- 命名查询 -->
    <query name="User.login">
    	<![CDATA[from User where username = ? and password = ?]]>
    </query>
</hibernate-mapping>
