<?xml version='1.0' encoding='UTF-8'?>
<!DOCTYPE hibernate-configuration PUBLIC
          "-//Hibernate/Hibernate Configuration DTD 3.0//EN"
          "http://hibernate.sourceforge.net/hibernate-configuration-3.0.dtd">
<!-- Generated by MyEclipse Hibernate Tools.                   -->
<hibernate-configuration>

    <session-factory>
        <property name="dialect">org.hibernate.dialect.MySQLDialect</property>
        <property name="connection.url"> jdbc:mysql://111.231.250.50/bos</property>
        <property name="connection.username">root</property>
        <property name="connection.password">YB25KH2lJNt91</property>
        <property name="connection.driver_class">com.mysql.jdbc.Driver</property>
        <property name="myeclipse.connection.profile">MySQL</property>
    
    </session-factory>

</hibernate-configuration>